name,load_time_avg,page_size_avg
Amazon,2.7039999999999997,1122.5
Project Euler,2.3842,93.41999999999999
Suckless,3.8592,111.3
